"","edf","Ref.df","Chi.sq","p-value"
"ti(lat,lon)",9.48134611544166,11.0177979035493,122.952802492502,4.85495259766092e-21
