"","edf","Ref.df","F","p-value"
"ti(lat,lon)",4.27636436753872,5.80188120639769,1.03246998961465,0.353544528427413
