"","edf","Ref.df","Chi.sq","p-value"
"ti(lat,lon)",6.17842730032842,7.86665045618619,72.4476202834762,1.57170943018034e-12
